ID,LABEL,Area_bbox,Area_filled,equivalent_diameter_area,feret_diameter_max,Eccentricity,Perimeter,Perimeter_to_Surface_Ratio,Sphericity,Spherical Dispropotion,Solidity,AXIS,axis,Elogantion,Fractal Dimension,Lacunarity
med_control_c1_0,0,3604.0,327.0,20.404639941160397,68.11754546370561,0.7181407032725723,231.71067811865476,0.7085953459286078,0.27665132853941404,3.61465822441381,0.1759010220548682,65.28193376022811,45.429562632283606,0.8342049693881766,1.1575102913357307,0.21193572061269625
med_control_c1_1,0,4087.0,400.0,22.42609239636699,71.8679344353238,0.7878804117420412,278.2609306503489,0.7044580522793643,0.2531927387595838,3.9495603424454373,0.21066666666666667,64.44883991691074,39.68941751952456,0.7847472643556378,1.1846807217802795,0.20873107278908976
med_control_c1_10,0,3894.0,493.0,25.05408341078227,69.26037828369117,0.5775773352840972,295.8944443027283,0.6001915705937694,0.2660060906895971,3.7593124180261777,0.22058165548098435,57.596139405885964,47.017800536540825,0.9035131286169866,1.2354923757103364,0.24401799821680187
med_control_c1_2,0,3195.0,675.0,28.14169498849121,74.33034373659252,0.8836435546006884,395.11374439273465,0.6352311003098627,0.22375769886539626,4.469119968030956,0.36652916912197997,73.33438595862792,34.332248280816394,0.6842224068582645,1.2898011454137865,0.21685912002993807
med_control_c1_3,0,440.0,126.0,12.666024736934256,27.202941017470888,0.7891609633025415,75.24873734152916,0.5972122011232474,0.5287994412868195,1.8910761281565016,0.4359861591695502,24.560638992297005,15.084811245245112,0.7837004737830174,0.4490788507192925,0.052869216562488996
med_control_c1_4,0,3381.0,406.0,22.736210219877808,81.83520025025906,0.8646320936030927,279.6101730552664,0.6886950075252867,0.25545533703855333,3.9145786171188113,0.18362731795567616,87.12878315765977,43.77398474695621,0.7088057251545072,1.1475628215301121,0.21505663073530656
med_control_c1_5,0,4745.0,647.0,28.568278705151968,91.40021881811882,0.7403263434731442,378.97160876900364,0.5912193584539839,0.2368248502766254,4.2225298520486385,0.21316927169936814,67.66189983706175,45.485553272183,0.8199070994069947,1.1736657366128684,0.2450379711550611
med_control_c1_6,0,4422.0,595.0,27.151532118863187,87.04596486914255,0.8184187323889502,398.97160876900364,0.6890701360431841,0.21379730277427908,4.677327482731485,0.22661448140900195,74.41207971723111,42.75883980034864,0.7580384502187426,1.3969044993323678,0.27819202942549576
med_control_c1_7,0,4599.0,758.0,28.856518540128786,77.10382610480494,0.7805180937586199,449.2853172679885,0.6869806074434075,0.20177696258827965,4.955967158849906,0.21520236920039487,74.17317206081839,46.3681116672972,0.7906536473454444,1.4520323367454326,0.23909819290775874
med_control_c1_8,0,4088.0,531.0,26.001734523957655,76.84399781375251,0.6799245054846087,370.7289680818844,0.6981713146551495,0.22034117965935415,4.538416293976426,0.20839874411302983,70.61724183342227,51.78236076789422,0.856318935644322,1.1708500334414766,0.15188385956799777
med_control_c1_9,0,2793.0,413.0,22.93137440223813,62.289646009589745,0.8557780983756941,289.8883476483185,0.7019088320782529,0.24851304974212277,4.023933556156028,0.23202247191011235,64.4111362338688,33.32265460430738,0.7192656424825004,1.1599285209323706,0.15668905197105953
med_control_c3_0,0,2128.0,211.0,16.39065416446578,67.11929677819934,0.988773272055823,132.11879502661796,0.6261554266664359,0.3897459002728748,2.5657742629232656,0.4153543307086614,65.7875207170779,9.83020911203626,0.3865535074966232,0.9772413751289799,0.22764843586741418
med_control_c3_1,0,2448.0,250.0,17.841241161527712,57.706152185014034,0.8402690766160841,192.4619407771256,0.7698477631085023,0.2912259532334556,3.433759899820362,0.17409470752089137,57.207848184823206,31.016356363412836,0.7363216711664567,1.2435680867270367,0.2213034455151702
med_control_c3_2,0,2000.0,239.0,17.44431859350499,60.30754513325841,0.9320074387246154,159.39696961967,0.6669329272789539,0.3438142097117528,2.9085476159882417,0.2743972445464983,54.794457883951644,19.85965649141906,0.6020291898739512,1.125532265471117,0.2352903662621
med_control_c3_3,0,2508.0,309.0,19.83509564693766,74.70609078247904,0.9765060844825095,214.5096679918781,0.6942060452811589,0.2904940898516033,3.4424108267085307,0.373639661426844,74.7297676225681,16.103504944371277,0.4642088218827004,1.1599731715667756,0.24239243615265885
med_control_c3_4,0,2068.0,323.0,20.279456919490165,60.8276253029822,0.7645929927142316,204.30256121069155,0.632515669382946,0.31184040229118254,3.2067685670384845,0.24377358490566037,54.07605676188391,34.852744574529076,0.802815934930202,1.282003992174604,0.34438896440624955
med_control_c3_5,0,2200.0,295.0,19.38054864282415,55.44366510251645,0.9154739554167259,200.71067811865476,0.6803751800632365,0.303351021527823,3.2965110681464482,0.24748322147651006,57.03330913385922,22.948905069705578,0.6343321150242924,1.2346510822801617,0.26339994191782945
med_control_c5_0,0,2345.0,270.0,18.5411616971131,73.40980860893181,0.9114146131998169,228.14823227814082,0.844993452882003,0.2553111053942269,3.9167900607217847,0.20179372197309417,71.22200841265479,29.30709082350917,0.6414742784991624,1.1644223813626366,0.23384657443678394
med_control_c5_1,0,3055.0,317.0,20.090219901261573,71.21797525905943,0.9405829334737212,202.87615433949867,0.6399878685788601,0.3111025416283666,3.2143742534722484,0.22090592334494774,74.746082881349,25.381082757513422,0.5827212470600059,1.2036966422577025,0.2401517870330471
med_control_c5_2,0,4830.0,352.0,21.17026971360491,94.11163583744573,0.9474860021814068,221.1604255869606,0.6282966635993199,0.30072452442728953,3.3253024571389234,0.176088044022011,98.81502543895581,31.600772554020097,0.565506181662839,1.0475985310184843,0.2078237366253264
med_control_c5_3,0,3654.0,349.0,20.958712816717327,71.61005515987263,0.8888951751631262,261.9827560572969,0.7593703074124548,0.2513285194972796,3.978856048649998,0.20658682634730538,72.08504062915371,33.022924812256335,0.676838717806344,1.3840381620198652,0.3978195547483723
med_control_c5_4,0,2142.0,272.0,18.609705966725112,66.64833081180653,0.9153064652723945,195.4619407771256,0.7186100763864911,0.2991074135357795,3.3432805565696184,0.23247863247863249,62.388311613622534,25.12739688072625,0.6346322435084382,1.1366773880984757,0.2817919416717618
med_control_c5_5,0,4095.0,388.0,22.22649192646566,89.1403387922662,0.8495411312472165,292.13098833543773,0.7529149183903034,0.23902491190383193,4.1836643387294075,0.1642675698560542,86.4401126232358,45.59909434143798,0.726307362389871,1.2003646800947876,0.24672394094654065
med_control_c5_6,0,3567.0,299.0,19.511499785403828,94.54099639838793,0.9409689782952007,251.49747468305833,0.8411286778697603,0.24372882655617642,4.102920504438209,0.14272076372315035,90.04621179425624,30.479995188851177,0.5818013485794195,0.9937188639952416,0.15473628040813328
med_control_c5_7,0,3744.0,393.0,22.36924542940416,87.09190547921202,0.9459347855097455,285.5096679918781,0.7264877048139391,0.24613897526357073,4.062745442606882,0.21510673234811165,79.31757538096339,25.727200785681468,0.5695233742097059,1.099904232035376,0.20359485977600536
med_control_c7_0,0,1008.0,195.0,15.756957549709801,44.94441010848846,0.8480291663882433,137.11879502661796,0.70317330782881,0.36101500214821064,2.769967990386896,0.2927927927927928,39.83277799153763,21.10936305033261,0.7279763437028083,0.9362283249103389,0.08186928857532325
med_control_c7_1,0,2870.0,406.0,22.736210219877808,79.17701686727027,0.9048320569620185,252.57463914933368,0.6221050225353046,0.28279922021391013,3.5360776428011267,0.2585987261146497,70.52021814760113,30.02529852321494,0.6525095066797773,1.0984628490323198,0.15686511649878748
med_control_c7_10,0,972.0,225.0,16.925687506432688,36.124783736376884,0.7352342021664849,151.6335136523794,0.6739267273439085,0.3506719210442242,2.851668297313965,0.3129346314325452,35.6799142917119,24.184315141267533,0.8232940854994624,1.2344996973976796,0.20554896233181782
med_control_c7_11,0,1736.0,271.0,18.575465448360347,56.88585061331157,0.8942331064204474,172.46194077712556,0.636390925376847,0.33837347258543665,2.955314411496923,0.237928007023705,56.43616442849351,25.26091491502402,0.6690303089295229,1.139641592258184,0.22041670998666893
med_control_c7_12,0,1947.0,349.0,20.43581587980116,64.07807737440318,0.9771494075221716,206.78174593052023,0.6304321522271958,0.31047715913796786,3.220848846905438,0.3813953488372093,63.57963114684762,13.514079861751787,0.4610353629552078,1.2009882217491918,0.22510189704069328
med_control_c7_13,0,2907.0,402.0,22.623931952327283,61.40032573203501,0.8954527131045291,251.82337649086284,0.6264263096787633,0.2822421786538378,3.54305655082996,0.26746506986027946,59.96928080850185,26.695723848185224,0.6672006032722325,1.2632176863223272,0.19773357788513193
med_control_c7_2,0,2301.0,353.0,21.200319792199185,60.876925020897694,0.7750884354103154,231.095454429505,0.654661343992932,0.28820458228980106,3.4697574620602687,0.2345514950166113,60.99183375903254,38.537858834680286,0.7948916690457587,1.3591745732732483,0.2178963863515347
med_control_c7_3,0,2627.0,309.0,19.83509564693766,74.94664769020693,0.9207537432224011,225.5035713374682,0.7297850205096058,0.27633172458460564,3.6188389208775984,0.23696319018404907,67.09645115828539,26.177295348632622,0.6246152903482423,0.993316567716864,0.12051310598670378
med_control_c7_4,0,1794.0,275.0,18.712051592547777,51.10772935672255,0.7633664113317018,192.84671708797583,0.7012607894108213,0.3048309284410765,3.2805070178215168,0.22840531561461794,46.66903906892064,30.146599808052407,0.8037199314638166,1.327843143083933,0.24940756986356757
med_control_c7_5,0,3230.0,367.0,21.616635097022034,86.31338250816034,0.9391865157895529,259.88225099390854,0.7081260245065628,0.2613131976362921,3.8268254686158123,0.2513698630136986,80.36282295233188,27.59719349065477,0.5860097842563767,1.0825348465734623,0.20056922987754364
med_control_c7_6,0,1404.0,229.0,17.075475271404667,56.79788728465171,0.911300354231411,161.29036790187178,0.7043247506631956,0.3325938700929489,3.006669965746913,0.284472049689441,57.74731809164045,23.7770095564864,0.6416714350044859,1.0476075275849994,0.21419973444771326
med_control_c7_7,0,2891.0,297.0,19.44613444328572,60.802960454241045,0.8990912232646912,226.95331880577405,0.7641525885716298,0.2691823738432663,3.7149534931371786,0.21004243281471005,59.79680987744741,26.176730352727738,0.6616353367319748,1.2404584996966659,0.19894354711914347
med_control_c7_8,0,2530.0,431.0,23.42576026046658,57.0087712549569,0.674557745645485,292.16652224137044,0.6778805620449431,0.2518912700006006,3.9699668829237935,0.22577265584075432,58.3370544619307,43.06570201747038,0.8591985135477579,1.189450224346396,0.13264661190486882
med_control_c7_9,0,2016.0,279.0,18.847647942942654,58.52349955359813,0.8956723349655781,179.7462120245875,0.6442516560021057,0.329417970192862,3.035657099746371,0.2773359840954274,56.793691102103,25.25698316917329,0.6668692465877427,1.1061901305922457,0.20746575146338517
med_control_c9_0,0,2115.0,281.0,17.91246396432554,57.3149195236284,0.9747161780032306,163.78174593052023,0.6499275632163501,0.3435893595974336,2.9104510138836948,0.3559322033898305,65.85196836877911,14.714396856728134,0.4727013602987704,0.7664671613676194,0.19812740498116513
med_control_c9_1,0,714.0,153.0,13.957279475043833,36.76955262170047,0.943505846824801,88.94112549695427,0.5813145457317273,0.4930012569314615,2.028392394421467,0.42618384401114207,36.392333323061536,12.0588135125315,0.5756351940904407,0.8981340132679184,0.22603375303808543
med_control_c9_10,0,3162.0,344.0,20.806283791440396,66.85057965343307,0.7207852633144619,237.5452018978108,0.698662358522973,0.27516812709950145,3.6341418264565126,0.1771756122980719,60.57658694874128,41.9891716904147,0.8325613649886023,1.0997282822706278,0.13480823597584948
med_control_c9_2,0,580.0,98.0,11.170383851240114,29.427877939124322,0.8800432369254613,71.17766952966369,0.7263027503026906,0.49303097553944064,2.0282701282731144,0.28654970760233917,32.13365075556689,15.260064067416726,0.6891252195539638,1.3274483493637286,0.3434006463885779
med_control_c9_3,0,3339.0,504.0,25.332049473868512,69.35416353759881,0.7535993124110726,333.1726188957804,0.6610567835233737,0.2388641083148938,4.1864807863126225,0.2483982257269591,59.76735560422244,39.287118964745645,0.8107614122098418,1.417451794341227,0.22027169049924322
med_control_c9_4,0,1326.0,261.0,18.229523339239496,39.6232255123179,0.7311866982188335,167.22539674441617,0.6407103323540849,0.3424703287654826,2.9199609893351712,0.2840043525571273,39.177422942796376,26.72595273077841,0.8259403158423225,1.18806593663931,0.2405783262688527
med_control_c9_5,0,1711.0,306.0,18.81384047546846,59.21148537234985,0.9531800970940976,181.57463914933368,0.6531461839904089,0.32551585012338385,3.072047028189131,0.25226860254083483,71.97312600669558,21.764904467321855,0.5499120036829486,0.9634507690341511,0.10242053525957322
med_control_c9_6,0,1568.0,320.0,20.185060176161283,59.464274989274024,0.9521002329728125,188.57463914933368,0.5892957473416678,0.3362765907852474,2.9737425304118745,0.3850782190132371,57.97305495256317,17.727355082388662,0.5529793053383737,1.0906863077209412,0.20997766913289764
med_control_c9_7,0,1596.0,352.0,21.079862454783044,51.03920062069938,0.5553390615125018,234.23149339882605,0.6711504108848884,0.2827303026833779,3.5369395869811426,0.26044776119402985,44.738460949181245,37.2055791767024,0.9119342244319754,1.3519841860068882,0.16266789315502583
med_control_c9_8,0,5742.0,493.0,25.05408341078227,99.02019995940222,0.699919961517854,312.21424945612296,0.6332946236432514,0.2521016402129364,3.9666540810894966,0.16233124794204806,88.24623004356786,63.02733603569184,0.8451161384481299,1.024190167157304,0.21285972185200874
med_control_c9_9,0,1824.0,199.0,15.91774699517169,60.60528029800704,0.9851284556572774,138.5685424949238,0.6963243341453458,0.3608833298045572,2.7709786443767515,0.3431034482758621,59.92208842333099,10.295780704014406,0.4145111061805853,1.1117603654766137,0.21221842436455315
med_relapse_c10_0,2,3380.0,456.0,24.095585330081406,68.30812543175226,0.6844579049281759,270.6162697096763,0.5934567318194656,0.2797263961185369,3.5749218303167924,0.2237487733071639,64.82052284552489,47.25755661330979,0.8538456432326389,1.267496681320687,0.24955557126889882
med_relapse_c10_1,2,1248.0,196.0,15.797308339337176,51.264022471905186,0.9439179062564377,131.11879502661796,0.6689734440133569,0.37850186020455345,2.641994941476829,0.34507042253521125,50.22436350313377,16.58309204256471,0.5746131159106719,0.9900216848541159,0.21528813240081107
med_relapse_c10_2,2,928.0,288.0,19.149229459268767,37.53664875824692,0.6373198931816834,159.88225099390854,0.5551467048399602,0.37627115090740154,2.6576579086343375,0.3779527559055118,33.98354728511907,26.187699350141646,0.8778378820161257,1.2026842199523444,0.14534615161230058
med_relapse_c10_3,2,1353.0,215.0,16.545286401814263,48.60041152089147,0.9088739402845826,139.25483399593904,0.6476969023066932,0.3732620887903582,2.6790826875580382,0.3089080459770115,48.31580753390932,20.151118783056685,0.6458102895004002,1.2420835189634754,0.3460331950248058
med_relapse_c10_4,2,1720.0,324.0,20.310825007719227,48.54894437575342,0.395173408065493,217.64570696119915,0.6717460091395036,0.29317526875902966,3.4109289103165543,0.24789594491201225,44.64726397234651,41.013268732226805,0.9584396387943447,1.3293446524104,0.23345869870214692
med_relapse_c10_5,2,3724.0,277.0,18.77997214831907,88.20430828479978,0.9875932670974242,193.29646455628165,0.6978211716833272,0.3052255646331365,3.276265542180067,0.21539657853810265,95.67225674480629,15.023755014296077,0.396274601027005,1.1916595346117405,0.26103647050622997
med_relapse_c10_6,2,3339.0,402.0,22.623931952327283,80.43009387039157,0.9268194944002103,265.33809511662423,0.6600450127279209,0.2678664681960088,3.73320336335737,0.22609673790776152,73.83631939848054,27.726066365085956,0.6127863875682729,1.2645515234576112,0.2541613040693371
med_relapse_c11_0,2,3283.0,217.0,16.622063085174787,82.41965784932621,0.9972940602573298,160.98885271170678,0.7418841138788331,0.3243687397996711,3.0829111356957397,0.3996316758747698,90.827911210935,6.677276995903278,0.27113777817918727,0.9300249625281615,0.20672747596500213
med_relapse_c11_1,2,1632.0,231.0,17.14987856615383,56.79788728465171,0.9740203193429663,159.29036790187178,0.6895686922158951,0.3382372281704852,2.9565048336310267,0.31994459833795014,58.93017364084945,13.345364322493053,0.47587879890990886,1.009408625439942,0.1966091668778456
med_relapse_c11_2,2,1680.0,284.0,18.982275710779543,49.24428900898052,0.8572430167697843,185.63961030678928,0.6559703544409515,0.3212384351747371,3.1129525315239803,0.2827172827172827,49.2821000765894,25.375946746336517,0.7175737183216202,1.3851118934080366,0.32330660688282153
med_relapse_c12_0,2,1720.0,273.0,18.643883600599406,51.86520991955976,0.8110459076854268,184.84671708797583,0.6770942017874573,0.3168651771410678,3.1559163711915295,0.23801220575414123,51.54078183039239,30.150455861748043,0.7648414926121492,1.2517046380623136,0.1470093697243664
med_relapse_c12_1,2,1890.0,297.0,19.413369239820483,59.464274989274024,0.9495901463640303,187.12489168102786,0.6321786881115806,0.32592616427111937,3.0681795744638567,0.328159645232816,58.35755042322818,18.294748045375474,0.5599054429932293,1.220604060636097,0.21675186838465568
med_relapse_c4_0,2,864.0,123.0,12.514330345744634,37.21558813185679,0.9251547088996264,85.9411254969543,0.6987083373736122,0.45746350250184303,2.185966737304844,0.32887700534759357,38.38620444457661,14.571029280730443,0.6161089666876516,0.8121373090721826,0.2841840567439764
med_relapse_c4_1,2,3600.0,238.0,17.407785949022028,78.74642849044012,0.9930469388556739,154.22539674441617,0.6480058686740175,0.35459900643563264,2.8200868638968437,0.28674698795180725,89.28799286017639,10.510898642673897,0.34310211395956375,1.0307819759757775,0.19906836335672215
med_relapse_c4_2,2,1505.0,209.0,16.312788383647018,47.01063709417264,0.9371570648242992,151.32590180780454,0.7240473770708351,0.3386607020569382,2.9528079104728024,0.2951977401129944,48.56144968987556,16.94346738951921,0.5906841588914241,1.0841346782060373,0.37026635369786837
med_relapse_c4_3,2,3942.0,492.0,24.721548929484133,85.98255637046388,0.9292923566507646,344.58073580374355,0.7178765329244657,0.22538995490003885,4.436754958505152,0.25477707006369427,84.78673474064709,31.31555503290893,0.607737593202922,1.2327575761086542,0.27520499450228314
med_relapse_c6_0,2,1131.0,177.0,15.012108426804138,47.43416490252569,0.9881005832094103,100.53300858899105,0.5679830993728308,0.4691188517132055,2.131655968094301,0.49719101123595505,47.62484964517608,7.325134985738054,0.3921850254770673,1.033748825364911,0.3189081882056648
med_relapse_c8_0,2,1290.0,152.0,13.911592676604096,43.56604182158393,0.762608173541209,120.698484809835,0.7940689790120723,0.3620969842447581,2.7616910482857095,0.2585034013605442,40.632123168848416,26.28332390067866,0.8042765112364266,1.0818355910340953,0.2543564849307997
med_relapse_c8_1,2,1416.0,223.0,16.85029431422316,59.53990258641679,0.9417077053744317,158.118795026618,0.7090528924960448,0.33479107160839333,2.986937480727397,0.22367101303911735,68.85655378369904,23.165559053719317,0.5800277226505046,0.9907695788154122,0.22402288946183815
med_relapse_c8_10,2,2580.0,292.0,19.21560480373171,63.56886030125127,0.9511202414864354,210.71067811865476,0.7265885452367405,0.28649522380490966,3.490459585046887,0.26126126126126126,60.834700140732316,18.787020737853698,0.555716474067609,1.1047615608643153,0.20691953409574018
med_relapse_c8_11,2,1711.0,265.0,18.36868202552426,59.841457201508724,0.921856916693992,184.53300858899107,0.6963509758075135,0.3127186672387923,3.1977624131929385,0.2896174863387978,52.54132991712073,20.361363563238395,0.6225194120234537,1.2065896036397512,0.24983130084964084
med_relapse_c8_2,2,1880.0,233.0,17.22396045987371,52.32590180780452,0.8277509548754541,187.4619407771256,0.8045576857387364,0.2886488181128603,3.4644174417128735,0.23276723276723277,51.53379182704001,28.915387719644205,0.7490631983867533,1.24645195944916,0.24358695664485439
med_relapse_c8_3,2,1102.0,211.0,16.39065416446578,41.6293165929973,0.772516559612612,131.87615433949867,0.6250054708033113,0.3904629989289418,2.561062130709047,0.30014224751066854,36.45947530174714,23.151570598469267,0.79686549566743,1.2883003848663903,0.34195467904335425
med_relapse_c8_4,2,1295.0,238.0,17.407785949022028,44.04543109109048,0.7212637304198891,171.29036790187178,0.7197074281591251,0.3192717321037036,3.1321282138287994,0.27546296296296297,43.870482765318464,30.387352520040555,0.8322623056581747,1.393509503314037,0.2663316932992048
med_relapse_c8_5,2,1320.0,228.0,17.03815178355966,46.17358552246078,0.7994024525080673,145.59797974644664,0.6385876304668713,0.36763513180055085,2.720088243749564,0.26480836236933797,44.85294516355917,26.94746576127337,0.7751102531575936,1.1893364294768873,0.2035659186657722
med_relapse_c8_6,2,1058.0,219.0,16.66031874701878,46.2709412050371,0.8948024500937721,140.118795026618,0.6427467661771468,0.373539716582316,2.677091499531704,0.3348694316436252,45.09219583077812,20.131964956902237,0.6681783360630055,1.0534766012200918,0.3042420892673793
med_relapse_c8_7,2,1372.0,223.0,16.85029431422316,51.10772935672255,0.9320923881507789,148.25483399593907,0.6648198833898613,0.35706600184004356,2.8006026752666706,0.28015075376884424,50.89514204651234,18.435270075559252,0.6018476745077646,1.2110628592333161,0.24504449050127974
med_relapse_c8_8,2,2448.0,305.0,19.706294962377495,59.464274989274024,0.835018867661993,249.0538238691624,0.8165699143251226,0.2485773979354839,4.022891897273546,0.19908616187989556,62.68992893342795,34.493334859747044,0.7417690412852099,1.4023910452849533,0.21874331522030346
med_relapse_c8_9,2,1540.0,267.0,18.437867513470433,49.24428900898052,0.7514401683143477,168.22539674441617,0.6300576657094239,0.34432535306297785,2.9042299415492003,0.2772585669781931,41.219175836840286,27.196463239532893,0.8122815015936851,1.190905821700439,0.22829087977297494
med_withdraw_c13_0,1,650.0,131.0,12.914889870235298,28.30194339616981,0.6293884135330639,90.11269837220809,0.6878831936809777,0.45025089550271175,2.2209839224938914,0.36187845303867405,25.244709344834266,19.617433223577947,0.8815275792660779,0.9506973766880359,0.3242240155076045
med_withdraw_c13_1,1,756.0,136.0,13.159049284959082,36.87817782917155,0.9517116630254341,76.87005768508881,0.5652210123903589,0.5377955189159777,1.8594427897348003,0.39766081871345027,36.357262232842714,11.161437345805886,0.5540697965431497,1.110382382039964,0.25612148474757823
med_withdraw_c13_10,1,1710.0,257.0,18.089294154193436,63.953107821277925,0.9567487210415269,187.84062043356596,0.7308973557726302,0.30253942673458006,3.30535431627332,0.31456548347613217,60.200521384201885,17.513270639669578,0.5393659215752279,1.2727720919889611,0.22454622835522817
med_withdraw_c13_11,1,2744.0,301.0,19.576646877473273,62.16912416947821,0.7997970461903771,212.29646455628168,0.7053038689577464,0.2896979473527073,3.451871195975371,0.21212121212121213,54.24357506001513,32.56081845327611,0.7747712628735495,1.1735977990159518,0.21219643897397106
med_withdraw_c13_12,1,2475.0,393.0,22.283703068536735,62.433965115151864,0.9124061867248114,227.68124086713186,0.5837980535054663,0.3074751243812176,3.252295619076383,0.2801724137931034,56.561040211888745,23.14963641993694,0.6397545646877426,1.2425002267714143,0.23319436080199518
med_withdraw_c13_13,1,2352.0,363.0,21.498510523728477,54.120236510939236,0.6969452239105061,222.64570696119912,0.6133490549895293,0.30334994393688663,3.296522778352828,0.26115107913669067,47.98083540447834,34.408226121327765,0.8468319579433691,1.1271826945415642,0.23030766360181296
med_withdraw_c13_2,1,1935.0,290.0,19.21560480373171,56.72741841473134,0.8193430482364766,224.6040764008565,0.7744968151753673,0.2687734072018742,3.720606180539675,0.24288107202680068,50.06084937508912,28.700063049754075,0.7571681172174354,1.3890827151839495,0.24592318254782164
med_withdraw_c13_3,1,3132.0,481.0,24.721548929484133,60.440052945046304,0.7049191600593376,314.9655121145938,0.6561781502387372,0.24658266862554498,4.055435061896333,0.24857586742620405,54.672371154664695,38.778437939056474,0.8421921723533766,1.3661969463463972,0.2137961255504004
med_withdraw_c13_4,1,1680.0,236.0,17.334489682638438,49.92995093127971,0.8873691679322671,163.11879502661796,0.6911813348585507,0.3338542651189794,2.995318929484452,0.27033218785796104,49.05822260815659,22.618764761150867,0.6790137005080523,0.9971022272165148,0.10443686320323077
med_withdraw_c13_5,1,1161.0,225.0,16.925687506432688,45.5411901469428,0.8267317338315212,154.60407640085654,0.6871292284482513,0.3439341106976846,2.9075336493128248,0.2697841726618705,44.26111728389797,24.901142529011892,0.7500642230249583,1.275242917500539,0.2552910211924969
med_withdraw_c13_6,1,1760.0,275.0,18.47236308621676,44.553338819890925,0.8383246890651626,190.18986283848344,0.709663667307774,0.30513003847836734,3.277291232901334,0.2720812182741117,43.258725484506236,23.58341439311101,0.7383571438665977,1.3453374687464217,0.2303108894577865
med_withdraw_c13_7,1,3200.0,390.0,22.283703068536735,64.03124237432849,0.6642338944941546,268.75230867899734,0.6891084837923008,0.26048638688536124,3.838972208709298,0.21630615640599002,57.49822169918728,42.98134693718113,0.8645951680073827,1.2924275969290426,0.23817454296914622
med_withdraw_c13_8,1,2006.0,231.0,17.14987856615383,62.625873247404705,0.9788506918909722,166.98275605729688,0.7228690738411121,0.3226556668815478,3.0992792089007892,0.2803398058252427,67.14087433665546,13.735408752860646,0.4523007395090071,1.159944670518352,0.20593991020663477
med_withdraw_c13_9,1,1024.0,210.0,16.351767622932517,32.7566787083184,0.5698332274360787,141.0477272147525,0.6716558438797738,0.3642071662678962,2.7456900704266762,0.35294117647058826,30.555995254986684,25.10970572861587,0.9065099901359334,1.1621812661026605,0.21528813240081107
med_withdraw_c14_0,1,1802.0,306.0,19.738573927438622,59.07622195096772,0.8954238783730946,240.81118318204307,0.7869646509217094,0.2575069729876409,3.883389985124772,0.28732394366197184,56.66056970082021,25.226115292289048,0.6672440652868072,1.020751959599398,0.18266423803573303
med_withdraw_c14_1,1,3162.0,289.0,19.182445840623714,76.21679604916491,0.9724562823900831,208.36753236814712,0.7209949216890904,0.2892169919462939,3.457611509166428,0.19659863945578232,87.69563311361865,20.440567047197423,0.48278913273467505,1.155405091520657,0.21796762637437336
med_withdraw_c14_10,1,2585.0,462.0,23.56124872549269,62.26556030423239,0.7660707779035659,319.0538238691624,0.7317748253879871,0.23199799020670497,4.310382168005087,0.2820181112548512,54.18688565559756,34.82895800383635,0.8017207891820456,1.3302045678951018,0.22253070425824348
med_withdraw_c14_2,1,1760.0,264.0,18.333991376950163,46.17358552246078,0.5701911910260766,211.9116882454314,0.8026957888084523,0.27180158441329866,3.6791544175820934,0.24021838034576887,41.04972076581405,33.72283919344935,0.906373004927151,1.2555781989819534,0.14260015733764572
med_withdraw_c14_3,1,3332.0,309.0,19.83509564693766,80.45495634204272,0.9777475158612472,216.4386001800126,0.7004485442718854,0.2879051644015609,3.4733659678477737,0.22871946706143598,83.66507227379002,17.551686958313727,0.4580230526855055,1.2751612247743076,0.2536250008359969
med_withdraw_c14_4,1,2208.0,396.0,21.646065519224038,49.73932046178355,0.4323623182784014,286.26093065034894,0.7778829637237743,0.23755641491077045,4.209526399763249,0.26007067137809187,45.934144363360765,41.41881633550489,0.9495788352545474,1.2804255356447454,0.2240333771390502
med_withdraw_c14_5,1,2679.0,317.0,20.090219901261573,60.440052945046304,0.6119733267617529,239.53300858899107,0.7556246327728425,0.2634930677095315,3.795166258804107,0.19188861985472155,54.574765106064305,43.16200303669276,0.8893134443872955,1.4008507466761948,0.2499060724722866
med_withdraw_c14_6,1,3300.0,327.0,20.404639941160397,68.96375859826666,0.9416246873035962,235.3319984622144,0.719669720067934,0.27239418080489786,3.671150378635472,0.22851153039832284,71.29246028755719,24.001636547150987,0.5802279247018616,1.22221102621607,0.23381827375122902
med_withdraw_c14_7,1,2438.0,452.0,21.079862454783044,59.481089431852205,0.5118171685325101,241.12489168102783,0.6909022684270139,0.2746474682266923,3.641031197034761,0.22632944228274968,46.76820425805842,40.17830231855784,0.9268734534813655,1.1914912408488743,0.20802217053786629
med_withdraw_c14_8,1,3248.0,382.0,22.05396803500069,60.83584469702052,0.7108484834238936,308.60407640085657,0.8078640743477921,0.22450962012331338,4.454152118072907,0.1942043721403152,56.26273358879859,39.5721221387242,0.8386567676203984,1.3807650700506586,0.24271892924707225
med_withdraw_c14_9,1,3528.0,544.0,25.780439141949365,72.86288492778748,0.7231446415227641,397.8944443027283,0.7622498933002457,0.20355056315650982,4.912784246296096,0.22006745362563238,62.51734411744481,43.18051857006651,0.8310815993312635,1.3448775035845544,0.16245466135221615
med_withdraw_c15_0,1,1470.0,261.0,18.229523339239496,43.01162633521314,0.5781400052481661,185.74011537017762,0.7116479516098759,0.3083326210219081,3.243250735798553,0.29,37.607893250549715,30.68569340488022,0.9032926324971561,1.22893919796949,0.18562601679572197
med_withdraw_c15_1,1,4599.0,548.0,25.70625067405882,94.26027795418386,0.9601290436029559,348.34419177103416,0.6711834138170215,0.23183555281450846,4.313402270962727,0.28206521739130436,83.59354740557208,23.369176788635073,0.5287316757123021,1.228843091807693,0.2081500067668482
med_withdraw_c15_2,1,2337.0,437.0,23.09734550211416,58.69412236331676,0.7339290243565313,279.8883476483184,0.6679912831702111,0.2592549906294859,3.857206364945735,0.2802675585284281,49.32334046312663,33.50170353250124,0.8241517869510218,1.3457022019549503,0.2392873286067903
med_withdraw_c15_3,1,3920.0,597.0,26.702324712498182,72.56031973468694,0.8886029519940399,412.66399692442883,0.7368999945079087,0.20328361033617348,4.919235733497076,0.2846975088967972,68.18329983770752,31.27412653597557,0.6772571311556205,1.1811647756962493,0.14144118681092122
med_withdraw_c15_4,1,3648.0,429.0,23.371344948277684,76.00657866263946,0.8560192405300667,313.8528137423857,0.7315916404251415,0.23394165156119584,4.274570147413079,0.22,64.73975851301918,33.46682726427206,0.7189881514978287,1.334084441839796,0.25282616423246435
med_withdraw_c15_5,1,2496.0,314.0,19.994929783493642,64.28063471995279,0.8127061211073424,236.18986283848344,0.7521970154091829,0.2659552097704699,3.7600316266150244,0.2001274697259401,58.991335103763916,34.372705569573824,0.7633307297695064,1.1038411126284844,0.13136768610345323
med_withdraw_c15_6,1,2432.0,408.0,22.623931952327283,66.73080248281148,0.7811693889719648,273.3319984622144,0.6799303444333692,0.26003241046281034,3.845674461195749,0.22185430463576158,58.832718295957086,36.73039195671371,0.7901386825917249,1.2419728226840896,0.21862360239851863
med_withdraw_c16_0,1,1680.0,262.0,18.01877032173579,56.753854494650845,0.9148640890369258,185.11879502661796,0.7259560589279136,0.30579086505693504,3.270208872373642,0.235239852398524,61.19458877538286,24.70804545693375,0.6354226412891135,1.1805630790321784,0.22394174855252938
med_withdraw_c16_1,1,3450.0,459.0,24.17471718621419,72.73238618387272,0.8384059678746967,291.7228714274745,0.6355618113888334,0.2603399368146652,3.8411317611707623,0.2501362397820163,67.52546238292197,36.804501190678586,0.7382724882270149,1.243565164423191,0.22493300215480605
med_withdraw_c16_2,1,2376.0,300.0,19.544100476116796,69.26037828369117,0.9363725323161842,228.63961030678928,0.7621320343559642,0.26854315573055404,3.7237962638800663,0.1772002362669817,70.03466355382665,24.582713682858873,0.5924591185997563,1.264456126407757,0.24313051038527655
med_withdraw_c16_3,1,1624.0,206.0,16.195287778099022,59.135437767890075,0.9671079986260372,146.14823227814082,0.709457438243402,0.34813282592168815,2.872466844666203,0.2810368349249659,53.72940063455494,13.666938745790793,0.5043472138487971,1.1952002966187427,0.2293090286857008
med_withdraw_c16_4,1,2332.0,253.0,17.94796937867892,59.941638282582836,0.8712731123524153,182.87615433949867,0.7228306495632358,0.3083245541255012,3.243335591082887,0.22772277227722773,52.56813738736859,25.800362768091954,0.70057012212638,1.3324383807230575,0.24989204836050072
med_withdraw_c2_0,1,2021.0,226.0,16.96325844612841,50.80354318352215,0.8786963514761311,168.5685424949238,0.7458785066147071,0.31614230820621125,3.1631324692793936,0.23014256619144602,59.05944341168456,28.19386251067442,0.6909277151841322,1.1469400453402674,0.2153979738479431
med_withdraw_c2_1,1,2838.0,322.0,20.248040236149336,68.41052550594829,0.9198886310407307,247.84671708797583,0.7697103015154529,0.25665498096106654,3.896281288815882,0.2672199170124481,60.49814725293278,23.726144421848694,0.6262425141053073,1.250834643950554,0.24475821051887972
med_withdraw_c2_10,1,2695.0,353.0,21.200319792199185,57.9396237474839,0.8624516829672689,253.2670273047588,0.7174703323080986,0.2629744962133719,3.802650121586777,0.21036948748510131,64.69838859389085,32.746403731810986,0.711434749141824,1.343360954344688,0.23336326459620751
med_withdraw_c2_11,1,2601.0,274.0,18.677998695187732,55.226805085936306,0.8551220765842478,198.81118318204307,0.7255882597884783,0.29514770017153374,3.388134142393184,0.1865214431586113,60.679699930978295,31.457976057621043,0.7200185353100511,1.0427384948732548,0.1170021784345539
med_withdraw_c2_12,1,2862.0,358.0,21.349935761383176,65.11528238439882,0.8056832390463832,264.71067811865476,0.7394153020074156,0.25338154780635813,3.9466172997105153,0.19691969196919692,59.78807999505998,35.41526710612266,0.7696405785037599,1.4118120812911075,0.22383275715474465
med_withdraw_c2_13,1,3196.0,380.0,21.996159369293583,68.46897107449476,0.8126044276314444,293.5391052434009,0.7724713295878971,0.23541317476069581,4.247850618456373,0.2098288238542242,63.98664457356098,37.292415779425355,0.7634236161297362,1.1211207600301936,0.12839318363296975
med_withdraw_c2_14,1,3504.0,418.0,23.06976657227589,79.7057087039567,0.942645389665392,281.7167747730647,0.6739635760121164,0.2572647981004177,3.887045594203961,0.2562844880441447,75.21956409320865,25.107978317951627,0.5777506813482075,1.1559554496964906,0.13534645816509638
med_withdraw_c2_15,1,2709.0,361.0,21.43920417481474,74.09453421137081,0.8465036724104513,266.5746391493337,0.7384339034607581,0.2526618681707328,3.9578588064751576,0.1958762886597938,64.0499745795415,34.09911003155316,0.7296457233318279,1.3411474438983195,0.2524018286469524
med_withdraw_c2_16,1,2940.0,399.0,22.539356209735228,65.19202405202648,0.8609028727268075,264.03048327204937,0.6617305345164145,0.26818674498348605,3.728745058080989,0.24721189591078066,63.2063526432919,32.1574544676313,0.7132806897464784,1.292627958420804,0.23055545456807272
med_withdraw_c2_2,1,4293.0,356.0,20.897874625046462,91.2633551870629,0.960006913670818,250.16042558696057,0.7293306868424506,0.26244202792525395,3.8103653134581394,0.21944977607165708,85.56072967191753,23.954976082224,0.5291278625218688,1.1455656031470132,0.1856756454052528
med_withdraw_c2_3,1,2352.0,436.0,23.56124872549269,58.89821729050889,0.7941612887021647,334.3380951166243,0.7668304933867529,0.2213921984558475,4.516870996244391,0.2978142076502732,57.38857257037504,34.875439616682144,0.7795556688737796,1.4350767806218492,0.22309706200833057
med_withdraw_c2_4,1,4218.0,327.0,20.404639941160397,85.0881895447306,0.9563921470899316,249.74621202458752,0.7637498838672401,0.2566728296643131,3.896010346353526,0.20591939546599497,82.43283408636574,24.077452730106913,0.5404495427749174,1.2753817864076968,0.26034691669532634
med_withdraw_c2_5,1,2800.0,239.0,17.44431859350499,67.67569726275453,0.9569345561348179,189.60407640085654,0.7933224954010734,0.2890388444200535,3.4597425892926803,0.22914669223394055,71.04691373052312,20.62518401484477,0.5387984125356455,1.1513311580973946,0.20552128009748794
med_withdraw_c2_6,1,4964.0,460.0,23.98967015655475,78.54934754662193,0.6166388548171863,337.9888527117068,0.7477629484772274,0.2229830094135063,4.484646622315382,0.14680090938616433,69.56356402095062,54.76364892953077,0.8872689355534298,1.3301191223285973,0.23230789471818522
med_withdraw_c2_7,1,1110.0,184.0,15.306079714651624,46.400431032480725,0.928225907331514,124.6335136523794,0.6773560524585838,0.38581490786600553,2.5919164335332074,0.3614931237721022,44.952825614504526,16.723216333769294,0.6099319817851291,1.031226036669418,0.20009457014102563
med_withdraw_c2_8,1,3600.0,416.0,23.014509567006368,76.83749084919418,0.8264976139689525,302.6518036156091,0.7275283740759834,0.23889569901096164,4.185927181360077,0.24571766095688127,60.067856171959285,33.81461231828887,0.7502934242653381,1.2558011926634847,0.23302087017002393
med_withdraw_c2_9,1,4312.0,436.0,23.56124872549269,81.59656855530139,0.8744179984314273,313.82337649086287,0.7197783864469331,0.23586466608412404,4.239719397577498,0.20354808590102708,75.88728996571952,36.81848948046281,0.6965438492976108,1.2325645669453034,0.19011773216525546
